LastName,FirstName,Age,Course
Guarin,Jaime,21,2
Weth,Gregory,22,5
Glenwright,Charlena,22,5
Epperson,Othilia,20,4
Grimstead,Maegan,18,1
Cutmore,Enrique,24,2
Canaan,Gale,24,5
Andriss,Alessandro,18,5
Seadon,Livvy,22,5
McIlwraith,Anastasie,19,4
Slewcock,Aimil,24,5
Shakle,Almire,19,3
Sandall,Derrik,21,2
Blenkin,Tracie,23,3
Northcliffe,Johnna,18,1
Mallaby,Kim,21,5
Rubie,Micheal,23,2
Yu,Ajay,22,4
Colisbe,Estel,18,5
Plimmer,Walther,22,1
Garrand,Mersey,21,3
Haworth,Catharina,19,5
Jewster,Modestia,24,3
Sesons,Rica,24,3
Croster,Christian,22,1
Temperton,Ellerey,18,1
Santry,Hilda,22,4
Colaton,Hanni,22,1
Cust,Wenonah,21,5
Giuron,Mureil,19,4
Keveren,Marchelle,22,5
Folkerd,Delora,24,3
Fattorini,Amandie,24,3
Dunkerly,Adelle,18,5
Rubi,Barnie,22,1
Treharne,Ardene,20,3
Pere,Camile,23,5
Sellner,Vicky,22,3
Wickey,Jody,19,2
Loach,Lesley,18,1
Alliband,Karin,20,1
Meni,Gram,23,5
Bottrell,Cam,22,4
Hellcat,Isa,18,1
Saggers,Brew,24,3
Jesson,Rosmunda,22,2
Kleinber,Kaye,24,3
Abby,Dorolice,20,5
Tolefree,Chrysa,19,1
Shrieves,Westley,20,2
Keavy,Hadley,18,4
Monument,Jodi,19,5
Tomenson,Jacqui,20,2
Meak,Yoshi,21,3
Chaudrelle,Laurel,21,3
Jevons,Glynda,20,1
Abramovicz,Noby,24,2
Rosenblum,Tabbie,19,5
Puddifer,Valera,24,3
Cottey,Alia,18,5
Fishbourne,Delmar,21,1
Perkinson,Nathan,19,4
Crooke,Maison,21,1
Winks,Ignacio,22,3
Inderwick,Michele,23,4
Widdowfield,Kira,23,2
Bow,Karola,19,1
Flaonier,Chester,19,4
Avon,Halley,23,1
Mangeot,Gale,19,5
Lambourne,Kylen,20,1
Erbain,Bogart,19,4
Henkmann,Darnall,18,2
Widdocks,Kamila,20,1
Manilow,Barbey,19,5
MacDearmont,Salomon,21,5
Chaff,Elise,21,1
Schirach,Travus,21,3
Dunnico,Muire,21,4
Yegorchenkov,Monica,24,2
Betham,Izaak,20,1
Bodle,Theresita,24,3
Levins,Britta,23,3
Faulo,Ira,22,3
Mowsdell,Stefa,24,1
Mogra,Leia,24,1
Lammert,Paloma,24,1
Eberts,Dorothee,18,2
Domenichini,Reidar,24,3
Balhatchet,Madeleine,18,5
O'Griffin,Rustie,19,2
Staining,Doralynne,18,1
Massei,Patricio,21,4
Wigmore,Lesya,20,4
Speedin,Torin,23,3
Reford,Malvina,21,3
Treble,Linnie,19,1
Priestman,Chad,18,4
Longford,Genvieve,19,4
Luckes,Kynthia,23,4
